path,id
index.html,P-_XnNEzqzTYDH5TsZlrLes3moEwVb3TaOVMAYQV-_M
assets\index-B_xSnoFY.css,EbUL4E_c0_2dS_D-ZiHxabdCOPfmeELsLsTmSw4zhMc
assets\react-vendor-DkCQxVxJ.js,ZsNdFMwLEnBFDMJqYfre3y9rVWnJktlyzBTuLK45Z-s
manifest.hash.json,ROQmr2lv84CL7hI-0oaJIyQ_Si6tJeN8iRYUqBYe7r8
vite.svg,LBBNUXNAXQXEPGknOQJ22Ilc_cBI7tIopABvkgxqKok
assets\ethers-vendor-Dmk_FvuB.js,hIVjX8DKCnR9407aGxKNdDmi-GZyfNZCtwiRhnpd0hM
assets\index-BCwBkij9.js,3Nx2rOs1R-XrQfV-DS_tGLnbTTryTA6rMKofGBh9tog
assets\README.md,-bzUs_b2XQDhZ6eoBJFLYFrmEMm3KdjBVDhVR69-6II
assets\ags-logo.png,44beGq_ue8O0xpaE_-dixn1cs6_yoz9D7xLkH1xh_Rs
assets\index-B0jnzRQZ.css,no14y2xtyBji2MQwEr8v1VBvKpNY8_XqsRe6FHJ95ok
circuits\auction\.gitkeep,q7w-UBcluwufphHCNKMBUC37QDwqaPIc-7O1VncbTkQ
assets\ethers-vendor-CqkT-ilx.js,3w5_FN2h7iBsXh4sMD2xgDYAnQsTSKWs_HySGLIo4mg
assets\index-CwI0MfEV.js,7uWXeQ-ijBiJDJPwZeUhSWq1sz_pNn4MOOJpwL85iJk
circuits\auction-claim\.gitkeep,1AS2fY4aFRCA-zIwh-5eSOZ2XO9fiCHa4Mb_-xM0yZ8
circuits\bridge\.gitkeep,COEUaAuZJjNvkWxfrT6IAOMaZF3LbVW7maZOIlfD3eU
circuits\crowd\.gitkeep,J41lRGzzvlIMupq8IMfZMVG_pqNRrb5JMn4EGFYsc5k
circuits\README.md,Q_UCFq3-A_P76an9JSFfs9xenjmYsVqjjjmsOAYMicg
circuits\auction-claim\claim_final.zkey,2www1gGOFQoRziSR7srjDGAX3DAslJsgcroakLoBvgc
circuits\auction-claim\claim.wasm,ATsZs5C0ZCoh4lKXc9Ad-g4f2drAKlOSSJNvCyAd-Yo
tokenlists\aegis.tokenlist.json,KZ_av49C20DaUZJP1Ep_QvKjr7kiyqSZlJcdE8tTbFE
circuits\swap\.gitkeep,7bsL5GXHOR0ahea5IQUS1mesanygYTvDX-D0ZwQA3JA
circuits\auction\auction_final.zkey,UqkoRHLVO86l2dbRwzwSG_2pm1b8WoW9HaujUAl8TnA
circuits\auction\auction.wasm,NqREO25v1t6JV1a-qKSTk3QkJ_u8sGT810nSG4ecrt8
assets\index-CwpOtXs4.js,blQNtu9N940G8gAJd1c5dY056aCS5tqwG4U-TsLABLs
circuits\crowd\crowd_final.zkey,zaA05ROmX9sC4qUh_pokgI0aHzLuetUYqDy5ecm9ErY
circuits\swap\swap_final.zkey,wY_bWTK_xH-gc__cINc0eY5fx2TZdy0Dg3rNs6dII5Y
assets\index-CjdKDoku.js,sNW1CT08U4gtvXp3J9jpWNBcEGW0UuGGSwvIrUrT7fU
circuits\crowd\crowd.wasm,Hl1ZQqa1Qg5kE4Wli_Zc84xB6X5stg9ypmzDo-OSk4g
circuits\swap\swap.wasm,cV_ubhYy8Pm9yYpUZXhUu95XAiHupQKQ8IQoIAMvyDA
